Title,Description,Labels,Milestone,Assignee,Status
"Setup Project Infrastructure and Build Tools","Create multi-module Maven/Gradle project structure with parent POM. Configure Spring Boot 3.2, Java 17, and common dependencies. Setup code formatting (Spotless), static analysis (SpotBugs), test coverage tools (JaCoCo), and Docker Compose for local development environment.","infrastructure,setup,priority:high","Phase 1 - Foundation",,"To Do"
"Implement API Gateway Service","Setup Spring Cloud Gateway with JWT authentication, rate limiting (100 req/min per user, 10k req/min per IP), request routing, CORS configuration, load balancing, and health checks. Implement Redis-backed rate limiting with Token Bucket algorithm.","gateway,security,priority:high","Phase 1 - Foundation",,"To Do"
"Create Database Schemas for All Services","Design and implement PostgreSQL schemas for all 5 services with Flyway migrations: (1) Booking Service (bookings, booking_history), (2) Inventory Service (inventory, inventory_reservations), (3) Payment Service (payments, payment_transactions), (4) Orchestration Service (saga_instances, saga_steps), (5) Notification Service (notifications, notification_log). Include optimistic locking (version columns), proper indexes, and constraints.","database,all-services,priority:high","Phase 1 - Foundation",,"To Do"
"Setup Apache Kafka and Redis Infrastructure","Configure Kafka cluster (3 brokers, ZooKeeper, Schema Registry) with topics: booking-events, payment-events, inventory-events, notification-queue (12 partitions each, replication factor 3, 7-day retention). Setup Redis cluster (6 nodes: 3 masters + 3 replicas) with AOF/RDB persistence and LRU eviction.","kafka,redis,messaging,infrastructure,priority:high","Phase 1 - Foundation",,"To Do"
"Implement Booking Service - Domain and APIs","Create Booking entity with JPA, repository, service layer (lifecycle: create, confirm, cancel, complete), and REST APIs (POST/GET/PUT /api/v1/bookings). Implement optimistic locking, state machine transitions, expiration logic, request validation, error handling, and OpenAPI documentation.","booking-service,domain-model,api,priority:high","Phase 2 - Core Services",,"To Do"
"Implement Inventory Service - Domain and APIs","Create Inventory and InventoryReservation entities, repository with optimistic locking, service layer (reserve/release/confirm), and REST APIs (GET/POST /api/v1/inventory/{itemId}/*). Handle OptimisticLockingFailureException with exponential backoff retry. Implement database constraints to prevent overselling.","inventory-service,domain-model,api,priority:high","Phase 2 - Core Services",,"To Do"
"Implement Payment Service - Domain and APIs","Create Payment and PaymentTransaction entities, repository, service layer (two-phase payment: authorize + capture), and REST APIs (POST/GET /api/v1/payments/*). Implement idempotency handling via Redis (24h TTL), transaction history tracking, and store gateway responses as JSONB.","payment-service,domain-model,api,priority:high","Phase 2 - Core Services",,"To Do"
"Integrate External Payment Gateway","Implement payment gateway client (Stripe/Braintree) with Resilience4j circuit breaker, retry logic (3 attempts, exponential backoff), timeout (5s), bulkhead pattern (10 threads). Handle authorization, capture, refund, status check, and webhook signature verification. Create mock gateway for testing.","payment-service,integration,priority:high","Phase 2 - Core Services",,"To Do"
"Implement Saga Orchestration Pattern","Create saga orchestrator with 5 steps: (1) Reserve Inventory, (2) Authorize Payment, (3) Confirm Booking, (4) Capture Payment, (5) Send Notification. Implement compensation logic for each step (Release Inventory, Refund Payment, Cancel Booking, Void Payment). Use Spring State Machine or custom implementation. Store saga state in PostgreSQL with timeout handling (30s).","orchestration-service,saga,priority:critical","Phase 3 - Orchestration",,"To Do"
"Implement Saga State Persistence and Recovery","Create SagaInstance and SagaStep repositories for persisting saga state. Implement saga recovery on service restart (find incomplete sagas by status and last_updated timestamp, resume from last completed step or compensate). Make saga operations idempotent with retry support. Add circuit breaker for compensation calls.","orchestration-service,saga,recovery,priority:critical","Phase 3 - Orchestration",,"To Do"
"Implement Notification Service with Kafka Consumers","Create Notification Service that consumes Kafka events (BookingConfirmed, BookingCancelled, PaymentFailed). Integrate SendGrid (email) and Twilio (SMS). Implement notification templates, retry with exponential backoff, dead letter queue, idempotent consumption, and notification history storage.","notification-service,kafka-consumer,priority:medium","Phase 3 - Orchestration",,"To Do"
"Implement Idempotency and Caching Layer","Create IdempotencyService using Redis (24h TTL) with annotation-based support (@Idempotent). Implement L1 (Caffeine in-memory, 1-min TTL) and L2 (Redis distributed, 5-min TTL) caching. Add write-through cache for inventory, cache invalidation via pub/sub, and cache warming for top 1000 items. Target: 80% cache hit rate.","common,idempotency,caching,priority:high","Phase 3 - Orchestration",,"To Do"
"Implement Resilience Patterns","Add Resilience4j patterns: (1) Circuit Breaker (payment gateway: 50% failure rate threshold), (2) Retry with exponential backoff and jitter (payment: 3 attempts, database: 3 attempts, Kafka: 5 attempts), (3) Bulkhead for thread pool isolation (payment: 10 threads, inventory: 20 threads). Expose metrics to Prometheus.","common,resilience,priority:high","Phase 4 - Resilience & Observability",,"To Do"
"Implement Health Checks and Graceful Shutdown","Add Spring Boot Actuator health checks for database, Kafka, Redis, and payment gateway connectivity. Configure Kubernetes readiness/liveness probes. Implement graceful shutdown (finish in-flight requests before termination). Add fallback mechanisms: serve stale cache data, queue bookings, return HTTP 206 for partial responses.","common,observability,resilience,priority:high","Phase 4 - Resilience & Observability",,"To Do"
"Setup Observability Stack - Metrics and Dashboards","Instrument services with Micrometer for RED metrics (Rate, Errors, Duration) and custom business metrics (booking success rate, payment conversion, inventory contention, saga completion). Setup Prometheus and create Grafana dashboards: System Overview, Booking Funnel, Payment Pipeline, Inventory Health, Saga Monitoring, Infrastructure metrics.","observability,prometheus,grafana,priority:high","Phase 4 - Resilience & Observability",,"To Do"
"Setup Distributed Tracing and Structured Logging","Add OpenTelemetry instrumentation with Jaeger backend for end-to-end tracing (API Gateway → all services → Kafka). Configure Logback with JSON format, correlation IDs in MDC, and appropriate log levels. Setup ELK Stack (Elasticsearch, Logstash, Kibana) with 30-day retention and saved searches for common queries.","observability,tracing,logging,elk,priority:high","Phase 4 - Resilience & Observability",,"To Do"
"Implement Kafka Event Publishing with Outbox Pattern","Implement event publishers using Outbox Pattern (save event to DB + publish atomically). Create Avro schemas for events: BookingCreated, BookingConfirmed, BookingCancelled, PaymentAuthorized, PaymentCaptured, PaymentRefunded, InventoryReserved, InventoryReleased. Configure idempotent producer. Create consumers for Notification, Analytics, and Audit services with error handling and dead letter queues.","kafka,events,outbox-pattern,priority:high","Phase 5 - Event-Driven Architecture",,"To Do"
"Implement Scheduled Jobs for Data Consistency","Create three scheduled jobs: (1) Booking Expiration Job (every 1 min: find PENDING bookings > 5 min old, trigger compensation), (2) Orphaned Payment Reconciliation (every 5 min: find CAPTURED payments without confirmed bookings, confirm or refund), (3) Saga Recovery Job (on startup: find incomplete sagas > 30s old, resume or compensate). Make all jobs idempotent with monitoring.","scheduled-jobs,data-consistency,priority:high","Phase 5 - Event-Driven Architecture",,"To Do"
"Write Comprehensive Test Suite","Write JUnit 5 unit tests (>80% coverage) for domain logic, Mockito for mocking. Write integration tests using Testcontainers (PostgreSQL, Kafka, Redis) with RestAssured for API testing. Test idempotency, saga flows, and failure scenarios (database timeout, Kafka unavailable). Implement Spring Cloud Contract tests for service-to-service API contracts.","testing,unit-tests,integration-tests,contract-tests,priority:high","Phase 6 - Testing",,"To Do"
"Implement Load and Chaos Testing","Create Gatling load test scenarios: (1) Normal load (1k users, 10 min), (2) Peak load (10k users, 5 min), (3) Spike test (0→10k in 1 min), (4) Soak test (5k users, 1 hour). Target: P99 < 300ms. Setup Chaos Mesh for automated experiments: random pod termination (weekly), network latency injection (daily), Kafka/database failures (monthly). Verify graceful recovery.","testing,load-testing,chaos-engineering,priority:high","Phase 6 - Testing",,"To Do"
"Create Docker Images and Docker Compose","Create optimized Dockerfiles for all services using multi-stage builds (Maven → distroless Java). Configure health checks, resource limits, environment variables. Tag with Git commit SHA. Create docker-compose.yml with all services (API Gateway, 5 microservices, PostgreSQL, Kafka, Redis, Prometheus, Grafana) with health checks and depends_on. Document quick start.","deployment,docker,docker-compose,priority:high","Phase 7 - Deployment",,"To Do"
"Create Kubernetes Manifests and Helm Charts","Create K8s Deployments (resource requests/limits, readiness/liveness probes, rolling updates), StatefulSets (PostgreSQL, Kafka, Redis), Services (ClusterIP/LoadBalancer), ConfigMaps, Secrets, HPA (CPU/memory-based). Package as Helm charts with parameterized values.yaml for dev/staging/prod. Include Ingress, NetworkPolicy, PodDisruptionBudget templates.","deployment,kubernetes,helm,priority:high","Phase 7 - Deployment",,"To Do"
"Setup CI/CD Pipeline with Blue-Green Deployment","Create CI/CD pipeline (GitHub Actions/GitLab CI/Jenkins): (1) Build and test on PR, (2) Static analysis (SpotBugs, SonarQube), (3) Contract tests, (4) Build Docker images, (5) Deploy to staging, (6) Smoke tests, (7) Deploy to production (manual approval). Implement blue-green deployment strategy. Run automated load tests in staging.","deployment,cicd,priority:high","Phase 7 - Deployment",,"To Do"
"Implement Authentication and Authorization","Integrate OAuth2/OIDC identity provider at API Gateway. Validate JWT tokens (15 min expiry), extract user ID and roles, implement refresh token flow. Define RBAC roles: USER (own bookings), ADMIN (all bookings, inventory updates), PARTNER (bookings for others), SUPPORT (view bookings, refunds). Enforce with Spring Security @PreAuthorize.","security,authentication,authorization,priority:high","Phase 8 - Security",,"To Do"
"Implement Security Best Practices","Enable TLS 1.3 for external traffic, mTLS for inter-service communication (Istio/Linkerd). Enable PostgreSQL encryption at rest (AES-256). Mask sensitive data in logs (email, phone, card). Integrate HashiCorp Vault/AWS Secrets Manager for credential storage with automatic rotation. Audit secret access.","security,encryption,secrets,priority:high","Phase 8 - Security",,"To Do"
"Implement PCI-DSS Compliance and Security Audit","Never store raw card data (tokenization only). Store last 4 digits for display. Configure payment gateway webhook signature verification. Document PCI compliance measures. Hire external security firm for penetration testing (SQL injection, XSS, CSRF, auth bypass, sensitive data exposure). Fix vulnerabilities. Obtain SOC 2/ISO 27001 certifications.","security,compliance,pci-dss,audit,priority:high","Phase 8 - Security",,"To Do"
"Create API Documentation with OpenAPI","Generate OpenAPI 3.0 specs for all REST APIs using Springdoc OpenAPI. Add request/response examples, error codes, authentication requirements, idempotency guidelines. Deploy Swagger UI for interactive testing. Create Postman collection. Document Architecture Decision Records (ADRs) for major decisions: Saga vs 2PC, Optimistic Locking, Kafka, PostgreSQL, idempotency strategy.","documentation,api,adr,priority:medium","Phase 9 - Documentation",,"To Do"
"Create Operational Documentation","Write comprehensive documentation: (1) Runbook (service restart, database failover, Kafka/Redis operations, deployment rollback, incident response with commands and decision trees), (2) Developer onboarding guide (setup, run services, test, debug with tracing, deploy to staging), (3) Troubleshooting guide for common issues. Include FAQs.","documentation,operations,developer-guide,priority:high","Phase 9 - Documentation",,"To Do"
"Performance Optimization and Database Tuning","Run load tests, identify bottlenecks. Optimize slow queries (add composite indexes, use EXPLAIN ANALYZE). Implement pagination for large result sets. Tune JVM parameters (heap size, GC algorithm). Optimize thread pools and HikariCP connection pools. Profile with JProfiler/VisualVM. Consider materialized views for aggregations. Document performance benchmarks.","performance,optimization,database,priority:high","Phase 10 - Performance",,"To Do"
"Implement Database Read Replicas and Cache Optimization","Setup PostgreSQL read replicas (2 per service) for query scaling. Route reads to replicas, writes to primary. Implement read-after-write consistency (recent queries to primary). Monitor replication lag (<1s). Configure Patroni/Stolon for automatic failover. Implement cache warming job for top 1000 inventory items with predictive warming based on access patterns.","scalability,database,caching,priority:high","Phase 10 - Performance",,"To Do"
"Setup Production Monitoring and Alerting","Configure Prometheus/Grafana alerts: high error rate (>1%), high latency (P99 >500ms), low booking success (<95%), circuit breaker open, DB pool exhausted, Kafka consumer lag (>60s), disk space low (<20%). Setup PagerDuty/Opsgenie with on-call rotation, escalation policies, alert rules (P0: immediate, P1: 15 min response). Document incident response procedures.","observability,monitoring,alerting,operations,priority:high","Phase 11 - Production Readiness",,"To Do"
"Deploy Full Observability Stack in Production","Deploy Prometheus, Grafana, Jaeger, ELK Stack in production with proper resource allocation. Configure log aggregation, distributed tracing, metric collection. Setup real-time dashboards. Implement synthetic monitoring (health checks from external locations). Configure log retention (30 days) and archival to S3. Add business metrics exporting to data warehouse.","observability,production,priority:high","Phase 11 - Production Readiness",,"To Do"
"Create Disaster Recovery and Business Continuity Plan","Document DR procedures: (1) Database backup/restore (RPO: 15 min, RTO: 30 min), (2) Cross-region failover, (3) Data corruption recovery, (4) Complete system outage. Test DR quarterly. Document deployment rollback procedures. Implement automated backup verification. Create runbooks for major incident scenarios with escalation paths.","operations,disaster-recovery,priority:high","Phase 11 - Production Readiness",,"To Do"
"Conduct Production Load Testing and Capacity Planning","Deploy to production-like environment. Run comprehensive load tests: (1) Black Friday traffic (10x normal), (2) Flash sale (20k concurrent users), (3) Gradual ramp (0→10k over 1 hour), (4) Extended soak test (8 hours). Measure latency (P50/P99/P99.9), throughput, error rate, resource utilization. Identify scaling limits. Document capacity planning guidelines and auto-scaling thresholds.","testing,load-testing,capacity-planning,priority:high","Phase 11 - Production Readiness",,"To Do"
"Implement Business Analytics and Admin Portal","Create analytics dashboard (React/Vue.js) for business metrics: booking volume trends, revenue analysis, funnel conversion, payment success rate, average booking value, top inventory items, customer segments. Build admin portal for: view/search bookings, manage inventory, process refunds, view system health, user management, generate reports. Export data to warehouse for BI tools.","analytics,admin-portal,frontend,priority:medium","Phase 12 - Analytics & Reporting",,"To Do"
"Implement Data Export and Automated Reporting","Create REST APIs for data export: booking history (CSV/Excel), financial reports (revenue, refunds, taxes), audit logs (compliance), performance metrics, inventory reports. Implement scheduled reports (daily/weekly/monthly) sent via email. Support date range filtering, pagination for large exports. Integrate with business intelligence tools (Tableau, PowerBI). Document export formats and API usage.","analytics,reporting,data-export,priority:medium","Phase 12 - Analytics & Reporting",,"To Do"
"Final Security Hardening and Compliance Review","Conduct final security review: verify all PCI-DSS requirements, ensure secrets are not in code/logs, validate TLS configurations, test authentication/authorization edge cases, verify rate limiting works, check for exposed admin endpoints. Document compliance measures. Create security checklist for production deployment. Schedule quarterly security audits and penetration testing.","security,compliance,production-readiness,priority:high","Phase 13 - Final Review",,"To Do"
"Production Launch Preparation and Go-Live Checklist","Create comprehensive go-live checklist: (1) All tests passing (unit, integration, load, chaos), (2) Monitoring/alerting configured, (3) On-call schedule active, (4) DR plan tested, (5) Runbooks complete, (6) Performance benchmarks documented, (7) Capacity planning done, (8) Security audit passed, (9) Team training complete, (10) Rollback plan documented. Conduct production readiness review with stakeholders. Execute phased rollout with feature flags.","production-readiness,go-live,priority:critical","Phase 13 - Final Review",,"To Do"
"Post-Production Monitoring and Continuous Improvement","Monitor production metrics for first 2 weeks: track booking success rate, payment conversion, latency trends, error patterns, resource utilization. Conduct daily stand-ups for issue triage. Document lessons learned. Create backlog for improvements: performance optimizations, new features, technical debt. Setup quarterly architecture reviews. Implement continuous performance testing in CI/CD. Plan for Phase 2 features (multi-region, CQRS, database sharding).","production,monitoring,continuous-improvement,priority:high","Phase 13 - Final Review",,"To Do"